Close,Predicted_Close
9144.795898200002,8992.967
9054.9378904,8977.954
8868.673827999999,8946.205
8697.351953000001,8891.756
8725.2439452,8796.048
8635.943945199999,8688.913
8516.551952999998,8603.01
8462.709960799999,8530.809
8405.633886599999,8467.375
8149.041894399999,8394.732
8058.863964799999,8273.97
8092.8258788,8143.513
8103.7698242000015,8065.9307
8249.6359376,8063.6724
8504.9859376,8137.38
8525.519922,8276.045
8520.659961199999,8384.26
8543.1041018,8448.589
8473.030078200001,8484.818
8434.306054800001,8493.273
8591.324023600002,8484.544
8645.7720704,8490.446
8679.7179688,8509.061
8717.4878908,8544.771
8716.339844,8570.661
8642.409961000001,8584.585
8688.971875,8590.638
8701.5558594,8600.937
8709.5359374,8624.538
8699.422070199998,8638.911
8690.4541016,8609.702
8589.524218800001,8576.844
8518.352343800001,8546.562
8500.464258,8534.279
8481.428125200002,8539.301
8511.1679688,8541.0205
8582.5478516,8549.163
8695.789843800001,8565.176
8783.257812400001,8608.351
8889.491796600001,8662.008
8909.753906000002,8723.604
8902.9679686,8758.461
8815.8658202,8766.041
8720.081836000001,8744.168
8606.773828200001,8689.669
8492.8617188,8613.583
8386.8677734,8507.928
8323.2757812,8385.551
8218.2998046,8277.322
8174.207812400002,8174.77
8158.739843799999,8111.9336
8131.753808799999,8079.103
8098.715820400002,8064.604
8143.843847599999,8072.117
8173.3139648000015,8104.227
8178.555957,8157.9004
8163.215917799997,8209.795
8127.3599608,8228.433
8108.085937400001,8206.04
8024.3279296,8168.349
8007.1399412,8116.022
8063.085937399999,8061.4624
8129.9099608,8036.0615
8092.013964800002,8048.906
8088.5878906,8034.8423
8062.525879,8009.808
7976.4899414,7976.242
7832.835937600002,7943.2124
7766.1859376,7880.612
7671.4700196,7800.232
7558.052050799999,7704.811
7410.9259766,7575.296
7370.5939452,7433.9185
7313.645996,7322.0815
7256.871972600001,7245.6465
7196.3240233999995,7206.702
7126.026074200001,7149.0464
7001.04209,7063.332
6922.0320314,6973.131
6804.504003999999,6906.7383
6717.305957,6844.007
6674.0579102,6793.1763
6714.151952999999,6755.654
6725.063964599999,6741.361
6840.1879881999985,6760.759
6959.595995999999,6826.002
7093.580078000002,6923.6343
7187.4220702,7019.286
7298.658105400001,7131.388
7344.8060546,7235.3916
7355.686035199999,7314.221
7467.463964799998,7340.3877
7520.317968800001,7382.2915
7572.963965000001,7450.3276
7677.716015799999,7529.9165
7777.276074400001,7626.146
7726.5081058000005,7718.4067
7716.2980472,7763.344
7718.656055000001,7766.2725
7729.3600588,7753.7314
7777.6419924,7751.892
7868.408008,7783.7285
7904.536035400001,7840.2837
7919.6379884,7881.646
7940.697949400001,7903.5815
7948.7419924,7912.523
7937.608008,7921.8813
7985.6200196,7912.739
8043.2840822,7909.6
8052.874121200001,7930.2705
8009.6581054,7952.6953
8019.534082,7953.484
7990.9240234,7949.591
7957.25,7944.6
7946.2419922,7949.249
7982.895996199999,7969.1133
7992.3740234,8003.4707
8052.206054600001,8039.6455
8094.4180662,8085.1655
8121.642089599999,8125.63
8201.9901364,8169.2847
8280.7301756,8221.095
8346.0402342,8277.989
8394.3861326,8326.337
8466.8341796,8346.773
8465.240039,8366.429
8476.9320312,8378.32
8431.4539062,8388.752
8415.748046800001,8378.154
8354.5458982,8356.133
8371.608007600002,8327.214
8372.755859,8322.61
8400.1859372,8338.469
8392.3478514,8342.767
8394.0839842,8337.706
8387.9660154,8334.047
8352.9999998,8346.184
8349.351953000001,8356.333
8390.991992,8369.263
8479.816015600001,8386.671
8533.2919922,8428.135
8608.3361328,8496.604
8677.6242186,8563.969
8730.1841796,8624.592
8738.7941404,8670.696
8743.232031000001,8708.275
8755.987890400002,8739.604
8760.123828,8755.96
8767.349804599999,8761.173
8736.877734400001,8767.781
8685.1998048,8739.745
8636.831836199999,8671.475
8593.767773599999,8582.618
8541.861914199999,8508.518
8487.2378908,8429.342
8450.8859376,8353.055
8411.4220704,8289.868
8394.7822268,8248.196
8374.514062600001,8249.767
8412.588086,8270.133
8437.4060548,8322.25
8478.2458984,8375.862
8439.913867,8433.757
8417.209960799999,8459.92
8344.0540038,8452.412
8290.336035,8405.202
8226.158105400002,8326.51
8199.3140626,8253.225
8200.675976800001,8191.624
8239.854003999999,8166.481
8327.413965,8183.0776
8433.144043,8247.09
8552.628125,8356.6455
8655.9222656,8475.446
8767.212304800001,8598.008
8820.222265800001,8712.06
8891.716211199999,8802.426
8961.576172,8873.388
9013.648047,8932.67
9049.8039064,8985.284
9087.6958986,9024.645
9104.729883000002,9043.686
9120.4039066,9055.998
9156.0138674,9066.221
9200.708008,9094.051
9242.758008,9140.2
9263.117969,9180.915
9302.809961,9208.314
9313.088086,9238.762
9297.340039,9272.382
9313.468164,9281.935
9341.8542968,9285.955
9332.1203126,9304.14
9291.5982424,9314.94
9286.8962894,9282.363
9270.406250199998,9239.18
9260.7781252,9206.613
9297.6900392,9205.069
9372.478125,9228.861
9436.7480468,9278.502
9489.6199218,9348.954
9535.7359374,9424.135
9543.3839842,9496.386
9540.7839842,9545.916
9495.0458982,9561.239
9442.4759764,9512.412
9395.2720702,9430.455
9374.6859374,9355.96
9374.8978516,9321.937
9422.2218752,9326.491
9491.583984599998,9366.652
9543.7439454,9426.561
9580.850000200002,9487.31
9618.0640626,9541.656
9666.9621094,9588.81
9698.25,9638.17
9741.2080078,9686.555
9771.620117199998,9712.186
9800.9121094,9733.913
9792.2800782,9755.641
9776.984179800002,9755.309
9745.9822268,9734.066
9748.0822268,9694.458
9730.548242399998,9677.319
9723.294336,9677.022
9683.6623046,9668.575
9648.158203,9618.748
9610.2361326,9545.07
9608.046093599998,9492.279
9610.7060546,9490.1875
9666.224023400002,9527.451
9741.678125,9589.22
9798.888086,9673.405
9826.85,9763.132
9884.906054800002,9833.267
9940.1201174,9888.058
9966.3140626,9938.267
10007.5921876,9962.67
10041.6763674,9988.017
10028.3763674,10003.457
10032.0501954,9987.359
10027.3041018,9972.044
9982.458008,9940.123
9950.5958986,9887.72
9913.2619142,9837.546
9889.516015800002,9781.803
9837.626172,9758.198
9821.9222658,9725.1455
9799.8703126,9702.171
9807.760156200002,9690.749
9816.4361328,9695.215
9878.5740234,9738.975
9966.0740234,9812.57
10061.0859376,9911.847
10158.9099612,10020.511
10197.2119144,10128.246
10246.621875399998,10203.417
10282.6257816,10252.394
10320.7158206,10291.105
10347.7257814,10328.234
10374.719922,10361.141
10384.2580078,10365.074
10393.0560546,10340.979
10392.3140624,10321.549
10399.9322266,10316.341
10395.428125,10332.213
10400.7640626,10330.56
10404.8900392,10311.676
10408.6839846,10306.228
10389.0339846,10315.095
10404.830078399998,10316.342
10413.88418,10292.488
10376.762109799998,10283.874
10353.6361332,10267.897
10361.5720706,10257.441
10378.0919924,10265.273
10400.279883,10298.149
10433.4859376,10351.172
10454.3,10395.758
10434.7859376,10419.26
10406.2638672,10405.02
10388.8818358,10340.38
10391.4677734,10301.6045
10396.531836,10308.478
10438.8978516,10347.863
10482.5359376,10414.291
10508.7900392,10486.256
10525.5060548,10545.1
10517.827929800002,10584.804
10530.6019532,10569.641
10535.5898438,10543.8545
10541.2437502,10520.525
10552.9138674,10505.558
10590.9419924,10502.44
10606.948047000002,10516.573
10617.996093999998,10550.177
10639.4140626,10571.932
10660.1519532,10594.775
10658.443945399998,10624.637
10670.7318362,10607.878
10665.9099612,10599.564
10607.7320316,10576.061
10500.2181644,10501.343
10417.6601566,10374.51
10311.4322268,10249.237
10238.0341798,10147.646
10184.1501954,10081.107
10163.0201172,10032.752
10160.7541014,9984.882
10181.2660154,9978.497
10188.1439452,10020.072
10164.4878906,10087.4375
10153.4679688,10114.513
10098.0398438,10099.105
10050.3978516,10057.009
10003.9638672,10026.876
10032.3660156,10016.431
10049.7478514,10032.126
10121.8318358,10046.236
10171.951953,10084.663
10242.8560546,10143.365
10294.4878904,10215.882
10351.3359374,10282.16
10354.0560546,10337.964
10367.040039,10356.558
10352.6660154,10357.857
10337.2480468,10335.969
10341.330078,10294.839
10366.0441406,10273.252
10370.5640626,10269.189
10395.1859376,10279.419
10443.3740234,10306.049
10473.1199218,10356.291
10504.7998046,10414.407
10538.913867,10465.026
10572.4539062,10507.658
10584.1519532,10548.214
10602.0781252,10585.7705
10626.398242400002,10618.277
10659.6662112,10644.731
10693.1322268,10673.489
10716.5902346,10708.318
10745.338086,10705.978
10785.9080078,10711.01
10806.4041016,10737.743
10818.8121094,10761.934
10840.488086,10778.175
10862.4822268,10795.727
10866.2001956,10824.192
10870.296094,10858.374
10887.4681642,10871.489
10912.1060548,10883.15
10926.9320312,10902.373
10924.951953,10925.858
10939.0400388,10920.827
10953.0958982,10906.587
10959.5798826,10908.068
10969.4658202,10924.011
11014.583984399998,10947.054
11058.0839844,10981.71
11062.3460938,11028.897
11079.5621094,11020.905
11099.090039,11003.775
11099.451953,11002.871
11097.3958984,11018.461
11134.5199218,11044.532
11157.1160154,11082.456
11132.1021482,11128.219
11116.17207,11106.959
11122.7781246,11054.258
11083.644140400002,11025.289
11073.0041014,10982.121
11059.9599608,10966.193
11024.2720702,10934.214
10894.8720702,10885.746
10769.2359374,10763.875
10695.8978514,10593.652
10660.1958984,10489.157
10666.211914,10466.341
10718.7378906,10521.016
10766.6839842,10601.966
10734.8220702,10659.613
10687.360156,10684.374
10596.8521482,10671.129
10453.8640624,10622.969
10368.5099608,10514.734
10256.6580076,10375.712
10163.217968599998,10253.763
10069.233984199998,10145.726
10107.4300778,10053.551
10096.0781248,10018.771
10087.5679686,10021.375
10128.7259764,10031.127
10184.891992,10064.127
10119.4878906,10110.802
10055.4599608,10121.86
10038.6521484,10089.917
9968.5941406,10039.511
9952.0441406,9984.827
10007.8642576,9965.605
10082.7441404,9982.383
10175.7019528,10018.002
10277.743945,10074.996
10330.0718748,10145.409
10377.985742,10213.631
10428.2898436,10257.626
10406.0398436,10295.239
10383.8359374,10306.742
10327.561914,10295.66
10266.1958984,10249.863
10205.4177734,10162.592
10120.7738282,10091.086
10015.8896484,10003.135
9931.835742,9905.852
9840.3699218,9805.483
9761.390039,9721.493
9790.9861326,9664.089
9863.9802732,9678.93
9957.0802732,9763.569
10063.0380856,9893.323
10186.9179684,10034.843
10256.6058592,10170.568
10300.6697264,10279.834
10280.64375,10355.674
10268.2757814,10352.479
10241.6638674,10310.235
10192.4259766,10263.899
10185.0240236,10212.015
10250.3679688,10187.562
10324.5679688,10201.862
10386.1140626,10254.869
10461.583984600002,10325.368
10490.5560548,10394.173
10498.820117400002,10440.215
10528.6101564,10462.631
10548.348047,10493.56
10584.858008,10527.566
10626.4220706,10563.069
10663.9458986,10600.615
10668.819922,10627.735
10670.3939454,10649.314
10610.0740234,10652.076
10539.0679686,10599.1455
10468.9861328,10508.138
10389.638086,10409.978
10341.9580078,10325.409
10349.3,10275.479
10339.5519532,10261.54
10321.6458984,10246.049
10296.1259764,10215.333
10223.046093599998,10180.226
10151.9499998,10124.699
10094.8699216,10068.533
10082.275976399998,10016.627
10049.340039,9997.992
10044.1939454,9997.431
10086.0759768,9993.218
10152.933984599998,10028.454
10212.389844,10103.834
10278.5818362,10207.85
10353.039844,10300.212
10382.1939454,10370.445
10410.7279298,10418.472
10429.9679688,10453.422
10467.1279296,10483.981
10504.2720702,10505.449
10540.190039,10529.911
10569.2060546,10555.875
10611.1041014,10563.881
10658.0121092,10596.404
10691.3279294,10645.79
10704.8458982,10694.715
10755.3279296,10717.627
10767.011914,10738.422
10786.433789,10757.401
10805.6279296,10777.373
10830.7539062,10793.719
10824.6378906,10792.651
10812.483789,10790.605
10829.7998048,10775.167
10856.2738284,10774.413
10888.379883,10798.34
10923.740039200002,10840.731
10975.5541018,10891.423
10990.6902346,10943.188
11016.376172,10985.841
11045.5742188,11021.371
11056.8341796,11053.43
11083.504296800002,11060.399
11075.148242,11071.312
11077.5261718,11045.229
11087.926171800002,11018.163
11101.8820312,11012.0625
11105.9539062,11031.278
11144.121875,11063.456
11147.7839842,11100.952
11141.2599608,11124.335
11138.4460936,11131.806
11130.560156,11127.799
11134.4121092,11124.783
11152.1820312,11136.624
11216.359961,11159.572
11281.4779298,11209.033
11337.921875200002,11278.224
11369.5279298,11343.939
11397.909961,11381.443
11367.561914,11394.621
11317.261914,11358.861
11276.2878906,11284.025
11211.6378906,11205.102
11141.8058594,11099.548
11121.4320314,10997.688
11123.6259768,10948.256
11118.948047,10946.384
11121.5220704,10977.166
11157.4021484,10995.159
11139.530078,11030.379
11109.3181638,11068.948
11074.8060544,11088.203
11118.6880856,11071.189
11153.7140622,11077.446
11211.7580076,11119.564
11273.6980468,11190.108
11344.3261718,11262.922
11367.666211,11319.317
11369.1960938,11358.482
11374.8421874,11381.593
11388.1160154,11397.313
11411.591991999998,11416.342
11428.5898436,11442.077
11454.4279296,11461.307
11470.7458984,11476.973
11480.659961,11471.901
11491.9839844,11472.094
11512.3880858,11491.817
11527.2361326,11527.058
11539.860156,11571.748
11559.3421872,11609.971
11569.7861326,11635.2295
11571.830078,11658.476
11572.6339844,11670.155
11595.7779298,11670.884
11618.9058596,11670.335
11646.4078126,11684.125
11671.9277344,11711.117
11691.3777344,11730.002
11684.717773400002,11726.791
11680.8578124,11702.27
11687.3679688,11674.843
11694.286133,11675.526
11716.8101564,11688.692
11756.906055,11713.518
11787.588086199998,11756.378
11801.059961199999,11802.784
11829.047851799996,11841.991
11867.675781399998,11871.992
11895.5279298,11912.343
11927.558007999998,11956.71
11960.964062600002,11999.138
11951.336132799997,12037.984
11933.618164200001,12001.828
11946.2121094,11935.193
11957.517968800003,11896.869
11972.003906399998,11897.462
12025.6939456,11927.197
12079.6339846,11978.218
12118.232031599999,12043.036
12157.816015800001,12117.423
12191.2220704,12185.64
12227.443945399998,12224.792
12248.7560548,12258.487
12247.4539062,12289.288
12257.109960999998,12301.77
12274.879882800002,12309.61
12298.477929600002,12322.837
12287.3978514,12340.195
12263.225976399997,12307.802
12219.291992,12221.309
12181.754101399996,12113.219
12148.7720702,12032.682
12117.817968599998,12001.261
12110.021875000002,11977.633
12147.961914,11964.632
12155.847851600001,11991.572
12128.5859374,12026.438
12159.8580078,12045.547
12189.1160156,12071.474
12134.398047,12108.38
12109.3021486,12108.396
12089.928125199996,12091.165
12018.136132999998,12060.016
11898.178125199998,11997.836
11856.174023599999,11897.388
11818.9978516,11811.671
11827.671874999998,11746.685
11860.3138672,11753.953
11954.857812400001,11811.988
12034.0517576,11897.397
12106.4658202,11990.442
12138.7357422,12082.289
12190.811718800001,12157.237
12243.729883000002,12218.194
12273.5640628,12270.772
12304.7900394,12297.871
12345.220117399998,12322.451
12368.198242399998,12351.389
12383.426171999998,12375.343
12401.378125,12393.748
12402.044140600003,12405.423
12398.2601564,12407.777
12372.1960938,12408.018
12341.0441406,12378.413
12316.176171999998,12336.759
12308.5322266,12297.323
12272.628125,12269.165
12273.262109400002,12227.383
12309.7720704,12201.117
12353.940039,12215.503
12381.549999999997,12273.595
12460.3060546,12345.002
12545.148046799999,12421.239
12607.101953,12504.764
12668.011913999999,12593.516
12733.5080078,12654.36
12775.935937599997,12715.019
12782.459961000002,12764.853
12746.6320314,12778.121
12712.2720704,12737.249
12687.7359376,12682.076
12678.3060548,12642.944
12659.5960938,12635.498
12681.9460938,12620.6045
12673.348047,12606.689
12646.0861328,12585.692
12589.930078,12551.605
12575.959961000002,12505.338
12557.840039000002,12475.363
12541.0980468,12471.561
12507.6759766,12467.02
12483.0019532,12444.326
12449.8980468,12405.363
12409.3859376,12369.767
12395.293945400002,12345.329
12433.0,12341.68
12419.7859374,12368.073
12390.5638672,12369.924
12340.2638672,12343.405
12269.9398438,12288.62
12170.14375,12214.649
12121.9039064,12137.896
12097.066015800001,12070.884
12057.1960938,12033.846
12029.798047000002,11996.978
12030.858203400001,11960.251
12000.5240236,11949.03
11967.9558594,11935.798
11978.445898600003,11923.755
12003.927929799998,11907.329
12026.7078126,11922.135
12069.187890799998,11972.785
12086.883984600001,12030.132
12072.927929800002,12059.273
12065.5638672,12038.386
12065.3,12017.275
12095.65,12031.725
12168.5179688,12077.39
12298.1558594,12149.485
12403.417968800002,12252.285
12490.883789,12363.311
12582.4978514,12462.575
12631.0699216,12547.809
12615.6679686,12604.941
12591.0699218,12610.856
12564.188086,12569.501
12507.714062600002,12516.361
12472.2201174,12463.496
12448.1001954,12420.829
12476.2082032,12381.87
12492.268164,12374.024
12549.726171799999,12393.592
12590.0121092,12441.919
12631.540039,12502.02
12614.3160156,12546.008
12560.4439454,12558.299
12463.5839846,12519.1
12356.000000200003,12449.533
12263.938086,12348.878
12137.002148399999,12249.057
12055.7802734,12136.011
11884.4941406,12027.965
11744.768164200003,11886.623
11480.240039200002,11722.015
11354.869922000002,11517.999
11119.569922,11349.489
11071.4958984,11208.107
11036.3777342,11122.725
11170.9878906,11112.547
11204.219922,11171.286
11342.2738282,11258.189
11311.7279298,11344.551
11221.4541018,11369.329
11095.8041018,11321.2
11049.9701174,11238.426
11032.0701174,11169.707
11063.9181642,11139.776
11157.2960938,11127.422
11294.2160156,11128.655
11370.854101399998,11166.3
11429.4181638,11229.456
11498.1681638,11301.355
11489.3121092,11363.887
11409.3220702,11390.195
11380.3041016,11365.843
11316.759961,11338.691
11216.4718752,11314.861
11180.6439454,11268.6455
11173.9539062,11213.771
11140.3279296,11164.283
11167.8019532,11135.0625
11271.1939454,11146.835
11339.171875200002,11168.141
11399.7339846,11207.674
11375.355859599998,11262.149
11235.4859376,11282.208
11087.9640626,11231.8955
11016.5341798,11144.268
10972.9402346,11071.055
10950.152344,11038.838
11034.1824222,11029.287
11062.562305,11045.264
10984.8501956,11050.937
10908.454101799998,11014.292
10894.2640626,10958.069
10888.1339844,10915.428
10926.0820312,10912.901
11081.6580078,10941.136
11203.1759766,11015.078
11318.9558594,11110.1045
11389.9158204,11213.918
11498.1898438,11308.25
11490.9539062,11397.63
11523.1039062,11451.1
11520.2580078,11477.504
11532.9880858,11487.091
11565.848046800002,11491.163
11669.172070199998,11504.623
11695.0861326,11546.708
11767.970117,11590.772
11901.324023400002,11636.117
11985.788086,11694.747
11994.066015799997,11784.32
11984.3339846,11854.533
11977.733984599998,11869.021
11944.917968999998,11859.121
11895.3439454,11859.617
11918.019921799998,11873.973
12020.463867199998,11904.97
12009.4439454,11947.75
11979.3220704,11959.078
12013.4099612,11951.3125
12015.5281254,11954.54
12000.724219,11970.164
12025.654101799999,12004.877
12001.0281252,12014.173
11929.524218799997,11989.894
11823.190038999997,11946.964
11702.7019532,11878.647
11573.0939454,11794.599
11465.2779298,11692.941
11410.6478518,11593.499
11412.3119144,11520.007
11522.7039066,11487.462
11675.200000199999,11512.922
11832.753906400001,11592.697
11947.7179688,11700.836
12066.6179688,11814.363
12096.7560546,11918.613
12092.290039,12007.604
12125.2580078,12057.433
12109.969921799999,12086.286
12070.932031199998,12087.089
11996.3541016,12064.2
11970.575976600001,12016.704
11907.001953,11963.842
11855.9759766,11891.155
11885.7039062,11831.334
11942.5558592,11818.369
12002.7240234,11844.43
12088.2460938,11902.649
12193.264062399998,11989.084
12202.830078,12083.798
12238.690038999997,12153.206
12248.2718748,12212.364
12268.9478514,12251.348
12294.361914,12278.944
12347.2199218,12302.418
12361.7958984,12319.634
12396.8220704,12327.483
12409.8400392,12334.989
12416.046093799998,12347.668
12427.109961,12360.687
12439.5378906,12378.193
12457.413866999997,12388.05
12480.709960599997,12405.46
12515.6160154,12438.048
12565.508203,12480.994
12622.8603514,12529.685
12661.596289,12583.514
12697.5761718,12629.383
12719.7060546,12674.305
12707.701953,12711.348
12696.681835999998,12718.151
12688.1138672,12706.425
12679.635937600002,12678.984
12673.7919922,12667.355
12714.1460938,12668.213
12752.428125,12696.057
12801.4861328,12739.523
12834.984179599998,12785.466
12871.9941406,12825.68
12859.7941406,12858.493
12865.5761718,12860.292
12865.5921874,12856.834
12844.9921874,12853.767
12847.716210800001,12829.38
12877.4441404,12813.677
12895.774218599998,12808.25
12907.8521484,12823.972
12948.6001954,12849.192
12964.374218800001,12884.602
12970.7021486,12924.121
12978.588086,12956.363
12981.268164000001,12986.314
12980.390039,12989.298
12979.314062399999,12977.814
12975.5740232,12971.471
12926.380077999998,12969.027
12903.4320312,12911.753
12888.9601562,12842.402
12877.85,12804.094
12877.2300782,12801.396
12960.9359376,12825.81
13032.2898438,12894.916
13101.253711,12988.295
13163.3738282,13083.734
13219.2578126,13129.717
13217.759961,13170.941
13203.864062600001,13191.664
13162.540039000001,13188.365
13132.162109400002,13153.294
13132.6621094,13106.981
13138.1701172,13096.029
13138.488086,13102.715
13158.4242188,13105.569
13184.6861328,13108.972
13189.258203,13120.713
13189.6220702,13155.0205
13179.330078,13180.867
13162.193945200002,13171.485
13105.7039062,13141.869
12995.991797000002,13082.19
12917.1597656,12977.4
12899.5257812,12881.925
12857.4158204,12839.348
12855.7798828,12824.997
12935.701953,12836.2
12981.174023399999,12892.014
12976.677929599999,12956.433
13012.611914,13001.393
13013.7638672,13023.432
12990.9677734,13022.094
13002.5617188,13015.877
13050.6658204,13026.337
13090.4757812,13061.403
13147.767773400003,13109.331
13203.3199218,13151.548
13238.890038799998,13194.12
13239.2839842,13229.76
13201.275976399997,13248.181
13160.256054399999,13220.945
13090.8099608,13161.265
13004.1078124,13078.484
12933.7978514,12982.133
12890.263867,12897.341
12827.6277342,12828.521
12767.6097654,12760.815
12720.3078124,12690.564
12637.7978514,12624.026
12547.5539062,12549.21
12509.380078200002,12457.776
12483.541992199998,12406.142
12463.0621094,12397.43
12480.5140626,12409.058
12497.604101600002,12436.016
12512.846093799999,12459.888
12496.2562502,12495.544
12475.716211,12512.359
12393.4802734,12497.375
12322.80625,12435.745
12232.258203,12349.634
12231.2441404,12264.276
12244.7460936,12237.662
12331.8720702,12268.771
12393.8261718,12342.16
12482.9960938,12407.215
12499.3140626,12471.366
12537.5041016,12514.065
12580.098047,12556.162
12646.2160156,12590.97
12698.922070199998,12630.793
12764.5240232,12680.966
12748.8560544,12727.808
12723.5781246,12728.848
12675.746093399997,12697.406
12615.214062199999,12643.288
12575.7380858,12593.274
12581.4759766,12565.839
12629.3378908,12555.589
12703.0837892,12578.896
12784.881836,12634.59
12838.813867199999,12716.635
12872.855859399999,12795.542
12844.0958984,12838.589
12800.4419922,12845.237
12732.6160156,12815.937
12667.9359374,12761.077
12668.8599608,12695.278
12667.043945199997,12663.042
12697.5279296,12657.409
12758.361914,12676.481
12832.380078199998,12719.214
12841.476171800003,12776.287
12840.3261718,12811.596
12802.682226399998,12813.123
12756.1521484,12778.516
12745.0660156,12738.138
12795.683984399999,12730.05
12865.9939454,12768.791
12944.2658206,12843.594
13004.281836200002,12917.174
13002.471875199999,12965.048
13006.573828399998,12978.112
13015.4738284,12993.614
13047.4578126,13023.4
13087.3597656,13062.615
13144.621874999999,13106.468
13166.9779296,13144.784
13177.361914,13177.652
13178.0699218,13198.227
13175.8980468,13210.0625
13192.8820312,13211.609
13206.3320312,13217.594
13226.774023199998,13229.031
13233.062109200002,13247.488
13234.6580078,13245.4795
13196.1279296,13225.566
13172.681836,13176.327
13143.2878908,13135.408
13123.169922,13105.772
13110.1140626,13084.023
13098.7640626,13071.178
13085.338086,13048.236
13067.5921876,13035.0625
13056.4902346,13022.392
13093.3941408,13015.602
13154.5800782,13051.326
13187.2701172,13118.024
13244.754101599998,13183.25
13301.9279296,13249.161
13351.5,13305.454
13408.8460938,13369.5625
13468.6080078,13437.102
13516.863867000002,13495.903
13565.7859374,13542.743
13577.1998046,13583.908
13574.4197266,13613.455
13575.583789200002,13594.718
13554.165820599997,13574.627
13521.275781599998,13534.419
13499.083789400001,13485.34
13470.615820599998,13453.958
13461.8539066,13422.99
13466.816015999999,13419.59
13483.036133200001,13427.377
13500.914258199999,13441.358
13535.5183598,13472.422
13549.2263676,13518.328
13547.4603518,13564.796
13517.532226799998,13572.571
13467.738086,13527.771
13411.4779296,13458.3955
13379.593945200004,13386.661
13395.243945200002,13346.058
13437.649999800004,13364.696
13482.160156199998,13411.191
13485.092187599997,13466.545
13469.4240234,13460.282
13379.5740234,13421.708
13283.6419922,13341.252
13194.5898438,13243.774
13147.3298828,13159.161
13097.4439454,13095.262
13123.4619142,13048.778
13126.625976599998,13050.395
13128.378125,13063.426
13156.072070400001,13083.051
13123.326171999997,13119.3
13039.066211,13119.746
12983.512109400002,13079.805
12924.040039,13010.921
12826.140039,12943.547
12753.783984200001,12874.786
12699.995898399999,12784.76
12654.579882799999,12691.234
12650.7558594,12605.826
12657.221875000001,12584.946
12710.409765599998,12610.757
12803.8398436,12671.597
12879.651953,12770.139
12896.0859374,12864.896
12935.4060546,12926.827
12972.3921874,12969.165
12975.602148400001,13001.28
12975.2480468,13016.745
12989.978124799998,13017.014
12999.8541012,13003.465
13010.2980466,12991.325
13036.2080076,12993.764
13077.0640624,13020.945
13136.3960938,13058.42
13178.588086,13110.226
13197.9240236,13156.6
13193.9000002,13183.1455
13207.0019532,13186.736
13227.5058594,13189.266
13228.809765800002,13209.757
13257.009765799998,13225.464
13268.175781399998,13242.749
13248.8837894,13208.474
13201.609766,13172.093
13170.4777346,13142.077
13095.755859599998,13113.819
13078.4158204,13070.144
13133.1398438,13040.051
13188.4939454,13065.277
13256.274023599999,13130.484
13345.509961,13218.14
13390.451953200001,13293.54
13386.0439454,13340.092
13402.0158204,13370.356
13412.659765799997,13396.509
13437.2658204,13423.053
13478.473828200002,13451.365
13502.6179688,13488.824
13527.5779296,13520.474
13559.832031000002,13544.664
13600.8099608,13560.183
13649.6980468,13591.695
13712.5179686,13644.574
13772.510156199998,13708.698
13818.956054800003,13776.937
13867.398047,13835.94
13893.6160158,13891.082
13900.6660158,13925.527
13923.4279298,13928.39
13923.0580078,13933.079
13928.0339844,13916.836
13943.2539062,13899.019
13959.947851600002,13892.476
13956.583789200002,13885.286
13974.8158204,13896.699
13982.695898399998,13913.022
13981.9740234,13938.006
13987.841992,13954.94
13985.599999799999,13964.779
13998.485937400003,13963.301
13980.2539062,13974.365
13959.7958984,13966.832
13965.2320312,13938.001
13925.714062399999,13921.394
13898.606054599999,13878.944
13928.172070199998,13849.67
13962.9460936,13862.036
13980.7640624,13892.35
14049.494140399998,13939.488
14120.222069999998,13997.926
14164.396093400002,14072.636
14219.396093399999,14148.768
14280.8781246,14223.142
14344.77207,14291.965
14384.0300778,14356.219
14415.838085599999,14409.048
14457.7679684,14454.799
14481.175976399998,14496.243
14482.129882599998,14493.097
14483.282030999999,14472.812
14494.572070200002,14458.167
14471.0421874,14454.663
14470.626171599994,14440.611
14469.764257600002,14437.389
14490.5302734,14424.4795
14493.416210799998,14430.92
14524.8261718,14447.332
14536.990039000002,14467.479
14579.841992199998,14497.657
14577.9818358,14546.752
14593.971875,14574.09
14591.3138672,14591.106
14599.4400392,14591.129
14601.730078199998,14594.743
14652.1082032,14610.607
14703.914062400001,14654.501
14763.8759764,14718.078
14761.019921599998,14780.709
14777.683984,14775.11
14740.953906,14756.001
14675.353906,14709.351
14611.8439452,14642.725
14605.437890599998,14573.911
14597.9738282,14526.702
14609.5158204,14531.074
14642.247851799999,14559.714
14675.255859600002,14601.651
14725.571875200001,14647.985
14749.639844,14705.441
14754.569922,14760.244
14780.7259766,14784.479
14833.0080078,14807.963
14863.0359374,14846.384
14906.316015400002,14890.664
14987.149999800004,14940.72
15037.358007600003,14995.6045
15066.264062199998,15042.015
15090.8220702,15086.345
15122.6320312,15113.642
15156.7460938,15132.295
15186.866015800002,15160.829
15234.048047200002,15183.517
15282.768164200003,15209.072
15317.234179800002,15239.791
15323.530078200001,15278.549
15335.7861328,15291.782
15325.525976399998,15289.409
15340.347851400002,15282.579
15323.391796800002,15287.588
15326.863867000002,15283.771
15291.077929399999,15276.935
15281.2640622,15225.617
15234.894140400002,15178.43
15166.452148200002,15133.931
15109.670117,15067.245
15136.180078,15009.011
15133.091992200001,14998.404
15121.9878906,15029.195
15128.916015599998,15061.351
15156.0080078,15073.744
15120.419922000001,15088.097
15108.671875,15094.809
15147.914062599999,15106.563
15171.3060548,15146.77
15087.7541016,15174.944
15033.5982422,15140.094
14929.5402344,15038.557
14817.956054599998,14928.692
14777.545898200002,14847.614
14830.779882600002,14817.33
14852.8197262,14841.518
14915.899804399998,14866.632
14950.3199216,14901.087
14965.9660154,14932.6045
14988.235937400004,14970.893
15051.2541016,15018.422
15116.3300782,15072.165
15188.1800782,15135.834
15282.6900392,15194.006
15348.3820314,15257.519
15400.295898599996,15313.695
15430.5978516,15366.492
15466.3697266,15405.081
15483.89375,15426.265
15499.7818358,15444.005
15512.0398436,15452.256
15535.217968600002,15457.888
15549.562109199998,15478.821
15550.9761718,15500.037
15553.994140599998,15519.749
15549.278125,15535.972
15539.848047,15540.484
15531.308007999998,15530.7
15545.789843799997,15512.033
15565.695898599999,15516.78
15583.7279298,15548.725
15583.3580078,15578.285
15577.583984399998,15578.17
15551.6441406,15546.519
15505.0740234,15509.838
15466.583984399998,15465.97
15453.0378908,15428.31
15426.4359376,15409.166
15349.209961199998,15383.067
15280.4019534,15310.269
15198.6140626,15210.154
15109.010156200002,15105.831
15020.988086,15012.786
14991.2980468,14934.224
14977.106054600003,14882.227
14964.25,14863.74
14918.877929799999,14868.586
14904.269922,14857.715
14879.7119142,14847.341
14839.671875,14846.321
14817.171875,14839.729
14848.119921799998,14831.59
14870.7140624,14850.263
14887.0240234,14888.62
14937.586132799997,14925.201
15009.0060546,14985.619
15088.151953,15070.183
15160.7837888,15181.853
15251.4957028,15285.8
15337.827733999999,15375.024
15405.5619138,15455.4795
15475.630077999998,15522.987
15542.8121094,15580.838
15557.818164200002,15622.42
15539.1380862,15580.916
15500.1099612,15511.442
15419.3738284,15433.114
15357.7238284,15360.719
15319.1539064,15311.104
15264.8119142,15270.307
15236.233984399998,15220.976
15208.209960800003,15188.353
15141.8460936,15165.995
15104.7140624,15126.96
15066.028124799997,15097.62
14982.994140400002,15063.34
14916.962304600002,15010.187
14942.8802732,14955.588
14975.786328,14958.641
15048.7902344,15020.948
15127.086133,15112.4
15241.256054799998,15192.507
15290.3720706,15268.354
15322.8800784,15327.993
15341.068164199998,15364.103
15400.9982422,15387.3125
15408.8982422,15411.765
15436.4101562,15423.706
15470.536132600002,15443.737
15505.882031199999,15470.315
15548.4199218,15502.491
15589.5058594,15543.858
15596.813867199999,15581.866
15605.8677736,15591.809
15619.9058594,15596.309
15607.479882999998,15607.056
15633.103906399996,15614.244
15642.750000199998,15636.003
15671.9960938,15635.129
15700.791992200002,15646.171
15727.2820312,15673.238
15742.2320312,15701.532
15798.6798828,15735.044
15838.663867200003,15768.855
15877.247851600001,15811.741
15920.5199218,15862.575
15936.358007600003,15909.356
15963.112109,15930.34
15983.7259762,15951.918
16003.030077800002,15983.967
16024.183984199999,16022.364
16063.4859374,16052.76
16078.7699218,16081.752
16067.5699218,16106.912
16035.9859374,16103.875
15999.379882599998,16057.356
15944.2158202,15986.018
15930.973827999998,15899.382
15934.3259764,15866.563
15946.0279296,15873.639
15936.780078,15895.802
15920.364062399998,15896.343
15867.3960938,15865.222
15839.2041016,15821.105
15819.630078200002,15802.714
15884.517969,15805.641
15972.448047,15863.815
16065.6039062,15955.958
16147.6119142,16036.813
16244.069922,16124.084
16306.452148399998,16219.206
16366.318163999998,16318.443
16422.9480468,16403.719
16479.3580076,16469.852
16496.1179684,16524.31
16494.1398434,16532.443
16483.477734000004,16520.855
16488.807812200004,16492.959
16466.0238278,16466.746
16466.7058592,16434.955
16460.117968600003,16410.738
16426.6861328,16393.338
16395.2703126,16342.639
16399.110156400002,16289.146
16393.5601564,16275.337
16397.8621096,16279.494
16429.161914199998,16293.248
16429.0578126,16309.292
16372.1398438,16324.145
16264.559961,16298.897
16140.4238282,16212.623
16043.247851600001,16096.147
15916.3378906,16002.558
15846.5900392,15918.501
15810.5378906,15869.279
15717.521874999999,15823.817
15620.8580078,15753.25
15561.1460938,15679.083
15517.130077999997,15612.289
15536.1761718,15589.952
15621.9742186,15617.304
15731.880078000002,15674.093
15836.622070200005,15758.954
15916.4339844,15845.378
15988.495898399999,15917.284
16054.2179688,15990.294
16063.3759766,16045.717
16097.233984399998,16073.107
16112.3759766,16089.239
16122.9259766,16089.839
16132.777929600003,16082.223
16164.3480468,16088.0625
16192.232031200001,16102.987
16235.9140624,16134.294
16228.0921874,16176.233
16271.336328,16189.514
16303.6902344,16213.647
16333.5382812,16245.348
16359.7404296,16289.785
16409.8703126,16342.567
16400.944140800002,16384.736
16396.9242188,16400.006
16334.3240234,16396.684
16256.9138672,16344.525
16222.621875000003,16274.102
16219.609961000002,16229.301
16196.027929800002,16224.926
16240.459961199998,16231.772
16287.879882999998,16250.664
16293.774023600003,16248.784
16300.1119142,16256.451
16309.475976600002,16289.129
16296.1121094,16314.224
16300.1701172,16330.956
16336.3640624,16356.132
16369.3099608,16394.26
16430.111914,16454.33
16491.7759764,16517.314
16509.70625,16570.06
16467.3482422,16580.422
16412.0542968,16525.902
16384.8902344,16447.541
16304.4240236,16396.611
16227.231836,16337.758
16212.7058594,16260.345
16213.989843799998,16204.432
16211.523828,16188.94
16259.187695000002,16219.62
16343.687695,16265.781
16411.9134764,16322.196
16459.7316406,16385.129
16475.091797,16441.154
16465.675976799997,16489.434
16465.5740236,16497.668
16469.7740236,16486.283
16485.611914200003,16490.37
16497.055664199997,16504.895
16527.341797,16526.562
16543.703906400002,16535.088
16516.8339844,16539.797
16504.373828,16523.598
16502.794140399998,16503.805
16516.883984199998,16504.516
16549.8679686,16521.55
16612.751953,16567.137
16631.838281199998,16626.219
16611.00625,16660.32
16592.6003906,16640.617
16555.878125,16597.408
16487.6521484,16553.967
16471.4701172,16501.879
16490.7240234,16478.057
16513.7158202,16485.441
16546.4439452,16512.969
16598.2179688,16559.959
16631.353906199998,16603.633
16666.171875,16647.932
16693.6441406,16681.943
16703.0121094,16708.412
16723.8820312,16724.65
16751.3558594,16739.65
16792.7777344,16767.494
16832.6714844,16813.2
16877.3875,16866.174
16898.6578124,16914.697
16878.273828,16929.033
16848.5660154,16892.723
16816.1480468,16832.09
16788.6621092,16779.879
16801.2097656,16752.217
16838.6640626,16762.549
16872.9320314,16796.752
16904.1820314,16821.744
16906.110156400002,16864.271
16898.288281399997,16875.14
16883.2222656,16871.95
16864.1742188,16861.133
16842.0421874,16849.295
16869.630078000002,16836.746
16891.3761716,16860.002
16935.801953,16906.746
16970.2761718,16978.91
16986.2800782,17040.71
16992.1878908,17049.453
16979.953906400002,17045.996
16955.064062600002,17020.412
16961.3058594,16996.406
16992.1179688,17006.102
17022.6359376,17028.332
17034.983984600003,17070.795
17066.257812800002,17080.938
17065.5199222,17087.145
17076.091797,17088.342
17065.778125,17089.604
17087.176171799998,17092.91
17059.254296599996,17094.37
17045.426171599996,17066.377
17005.1402342,17036.477
16963.8859374,16993.97
16859.7859374,16941.986
16766.3457032,16846.383
16683.6835938,16732.514
16587.1558594,16638.28
16499.7519532,16558.047
16460.745703200002,16498.31
16472.8578126,16443.094
16472.998047,16439.09
16499.2117188,16472.951
16540.9039062,16509.338
16609.9660156,16563.002
16631.762109199997,16630.477
16685.5140622,16680.453
16757.3242186,16738.521
16822.7902342,16807.748
16887.9722654,16883.432
16955.6343748,16951.96
17003.260156199998,17002.951
17040.682031199998,17044.19
17069.257812599997,17080.38
17077.2738282,17112.574
17096.7195314,17129.186
17094.8578126,17131.176
17089.1738282,17123.238
17078.6878906,17113.604
17090.245703200002,17105.744
17092.8398438,17111.428
17082.1015626,17124.13
17080.1878908,17111.38
17076.071875200003,17091.043
17046.1019534,17075.445
17030.046094,17050.375
17053.6664064,17040.395
17071.2941406,17057.99
17114.6921874,17100.414
17173.138281,17166.271
17201.4460936,17208.375
17186.2257812,17234.152
17196.8679688,17223.006
17132.8300782,17217.604
17099.5121096,17179.387
17079.220312600002,17152.094
17076.626562600002,17131.51
16995.556640799998,17112.879
16966.6066408,17064.352
16945.9144532,16999.367
16930.052343800002,16969.158
16865.3503906,16896.646
16903.2523436,16838.645
16874.8921874,16832.705
16781.7742186,16830.229
16647.6062498,16810.072
16566.7662108,16756.512
16396.270117,16684.08
16287.868163800002,16581.645
16255.1302732,16473.379
16270.850195200002,16416.69
16330.7742186,16406.459
16394.6902342,16444.23
16506.8222656,16494.414
16591.8222656,16564.797
16675.4761718,16646.2
16753.6640624,16722.926
16856.2621094,16800.5
16959.7660156,16859.523
17076.787890600004,16925.084
17186.4480468,17006.02
17262.0660156,17091.242
17364.1097656,17164.896
17435.9199218,17236.543
17472.6019532,17300.234
17522.1019532,17355.975
17568.314062600002,17415.057
17593.848047,17469.066
17613.5117188,17509.498
17625.673828,17539.447
17632.4757812,17566.836
17647.059765399998,17590.064
17661.7660154,17612.54
17675.008202999998,17635.492
17710.0722656,17657.045
17744.1023438,17681.305
17769.526172,17710.309
17797.9300782,17745.498
17819.778125,17781.422
17813.1261718,17807.285
17825.456249799998,17816.904
17844.9921874,17828.97
17859.462109199998,17845.857
17885.5718748,17860.746
17900.7078124,17886.957
17885.0375,17874.795
17809.14375,17831.896
17748.391797,17728.215
17612.8000002,17617.996
17478.471875199997,17492.088
17332.005859599998,17360.863
17296.7496096,17238.18
17333.111719,17188.13
17437.905859600003,17239.428
17593.625781400002,17320.432
17784.6859376,17444.54
17919.354297,17597.033
17974.4664064,17745.264
18021.152344,17869.812
18025.8785158,17955.014
17985.6585938,17996.273
17946.214453,17979.926
17835.8023436,17938.826
17702.4843748,17839.385
17622.774218600003,17711.836
17639.7339844,17617.125
17620.6097658,17590.139
17648.4476564,17601.646
17696.855469000002,17617.191
17665.369531599998,17626.129
17547.937890999998,17607.24
17502.778125200002,17561.123
17477.656250199998,17522.3
17465.776171999998,17501.38
17543.154297,17504.117
17613.5320312,17548.055
17646.9578126,17594.18
17621.3539064,17635.768
17548.7718752,17632.271
17469.3457032,17575.627
17367.8156252,17526.08
17304.2835938,17457.293
17360.1214844,17408.697
17456.451562399998,17409.951
17550.0578124,17451.941
17681.925780999998,17530.809
17755.5601562,17613.396
17796.0320312,17672.543
17833.85625,17719.385
17851.35625,17751.646
17890.3683594,17795.291
17954.0421874,17840.146
17986.260155999997,17878.55
18010.9859372,17908.502
18044.597656,17923.262
18064.095703,17934.922
18096.417578,17950.756
18135.3617186,17981.947
18181.0917968,18026.832
18179.54375,18071.889
18213.901953,18089.885
18212.7378906,18112.393
18187.2039064,18122.1
18171.464062599996,18114.404
18116.2800782,18101.84
18057.698047,18049.258
17949.6121094,18005.291
17857.3101562,17928.68
17809.2101562,17842.258
17787.7164062,17796.338
17784.05625,17769.305
17821.284375,17784.297
17909.4441406,17808.63
17922.2058594,17848.314
17997.8738282,17882.273
18025.5976562,17904.656
18058.0097656,17942.807
17986.4796874,17974.338
17930.3199218,17963.28
17847.3218748,17917.746
17819.3761718,17864.498
17772.371875,17849.662
17768.3000002,17838.44
17785.3019532,17813.55
17818.9398438,17796.281
17798.7617188,17795.314
17824.0398438,17808.898
17876.15,17832.812
17935.032031400002,17860.117
17954.269922,17900.736
17986.5257814,17929.705
18028.5457032,17958.639
18057.9535156,17990.967
18011.6835936,18021.23
18023.2617188,18012.867
18005.8398438,18003.336
17990.971875,17986.963
17981.5558594,17980.078
18032.3238282,17982.973
18032.9320312,17996.744
18065.0421874,18005.338
18064.4941406,18019.432
18020.8601562,18033.277
18009.6441406,18008.375
18016.1300782,17989.197
17979.741797000002,17986.445
17941.032031400002,17977.361
17957.7402346,17956.367
17991.150000200003,17946.504
17998.1039064,17971.492
18026.1101564,18011.492
18069.8121094,18042.725
18135.448046800004,18061.67
18151.7382812,18093.059
18190.4804686,18127.95
18239.3124998,18168.83
18284.2945312,18208.43
18290.9945312,18239.146
18282.886328,18256.158
18231.4179686,18257.877
18201.537890400003,18217.766
18169.6816404,18174.727
18114.6695312,18139.0
18076.3394532,18087.71
18070.419531400003,18044.047
18053.075390799997,18000.398
18008.9675782,17986.041
17976.7238282,17960.684
17921.9601562,17925.842
17872.380078,17881.848
17857.20625,17836.67
17883.9640626,17835.443
17893.8398438,17877.635
17898.763672,17911.217
17926.8519534,17917.67
17913.919922,17922.44
17929.2140626,17934.576
17952.635937599996,17969.584
18018.3578126,17987.0
18066.2757812,18021.107
18072.3417968,18067.2
18027.245703,18076.727
18013.3917968,18062.002
17908.705859200003,18026.824
17803.79375,17946.656
17762.161718800002,17852.402
17730.1117188,17789.766
17677.4917968,17764.244
17713.603906199998,17744.715
17692.7859374,17741.742
17650.9277344,17718.178
17656.9878906,17678.33
17715.8078126,17661.441
17771.141797,17696.648
17878.091797,17765.414
17992.4179688,17849.77
18057.6257814,17928.307
18082.171875,17986.605
18055.3136718,18031.506
18015.4874998,18031.992
17937.821484199998,17993.34
17834.237499799998,17928.637
17702.2734374,17835.383
17644.4695312,17729.768
17624.5398438,17652.322
17627.3519532,17629.664
17651.6179688,17642.79
17683.1398438,17661.502
17667.2238282,17668.838
17625.0398438,17656.225
17559.79375,17636.771
17496.4980468,17596.402
17499.8921874,17545.697
17470.3222656,17533.484
17442.730078200002,17520.146
17440.4300782,17499.125
17461.2339846,17475.428
17447.2359378,17471.451
17468.9359378,17484.209
17458.1800784,17497.639
17374.667969000002,17489.814
17171.1378908,17421.598
16836.371875,17274.344
16467.3919922,17033.574
16254.747851600001,16759.662
16187.5638672,16566.334
16224.2158204,16490.469
16355.551758,16500.77
16433.9335938,16540.59
16447.1076172,16542.406
16391.1056642,16538.762
16282.9796876,16536.39
16275.909765799997,16508.129
16314.953906400002,16494.102
16310.758008,16474.086
16322.424023599999,16453.78
16376.140039199998,16438.348
16397.5740234,16431.273
16494.849804799996,16441.549
16563.7177734,16476.877
16554.015820200002,16519.59
16581.861718599997,16506.734
16527.9857422,16493.672
16435.973828,16465.273
16341.289843600001,16427.82
16327.3078124,16384.832
16225.6478514,16347.626
16169.379882600004,16288.65
16170.341992,16229.706
16184.4798828,16199.842
16216.019726599996,16198.41
16370.927734599998,16231.014
16519.139648599998,16305.219
16644.657422,16406.953
16800.4054688,16525.045
16922.8296874,16642.645
16993.9156248,16757.035
17052.255859200002,16859.598
17054.7480468,16934.48
17072.9480468,16962.479
17099.2441406,16980.281
17118.980078,16997.664
17146.023827999998,17028.713
17194.795703,17058.135
17264.277734199997,17085.139
17350.4234374,17130.137
17428.9257812,17200.746
17501.7898438,17279.7
17623.971875,17353.654
17677.3,17426.46
17680.667968600002,17497.838
17721.8097656,17543.49
17789.1539062,17579.643
17806.7660156,17629.059
17828.291797,17679.342
17877.6500002,17715.549
17857.9941408,17751.512
17826.0062502,17751.459
17792.934375200002,17732.65
17709.8625,17705.959
17576.8445312,17647.703
17527.3503906,17556.215
17473.608203,17484.754
17480.596093599997,17438.396
17537.5320312,17449.818
17653.2460938,17498.586
17715.1800782,17565.918
17779.7179688,17632.012
17794.9640626,17688.256
17811.0921876,17739.576
17790.314062600002,17775.314
17809.4480468,17776.426
17792.9460938,17789.523
17725.8019532,17783.54
17732.65,17732.732
17734.7679688,17695.727
17670.698047,17679.49
17623.2222656,17659.635
17642.6382812,17632.348
17526.154297,17611.18
17453.7523438,17566.625
17445.134375,17516.324
17496.4921876,17488.094
17480.7101564,17507.082
17453.378125,17532.89
17430.0019532,17491.373
17408.4738282,17440.834
17379.1777344,17413.934
17390.44375,17429.809
17470.3875,17467.643
17564.2597656,17499.697
17601.579687600002,17541.152
17566.063672,17576.875
17485.417578200002,17580.98
17411.495703200002,17525.59
17248.6015626,17441.172
17030.6476562,17327.781
16814.9318358,17176.83
16664.8580076,17010.814
16536.370117,16854.688
16385.350195,16736.031
16358.340234199999,16628.879
16286.666210799998,16553.37
16210.1560546,16466.143
16060.259960800002,16382.449
16006.513867200001,16285.216
15949.4058594,16197.232
15928.833789200002,16148.798
15959.075976800004,16118.578
15994.6199222,16123.29
16032.011914200002,16123.349
16106.5701172,16121.699
16219.362109399997,16139.875
16216.6240234,16187.317
16295.0640624,16222.067
16364.4521484,16249.435
16312.185937599997,16277.12
16227.759961,16281.88
16199.927929799998,16248.826
16115.5439454,16193.422
15964.2638674,16126.294
15918.037890799998,16032.818
15951.909961,15958.062
16039.8,15934.493
16139.537890800004,15981.789
16285.9,16073.17
16415.264062399998,16159.695
16462.3378906,16251.938
16468.5699218,16324.686
16525.3417966,16378.008
16574.9378904,16429.104
16554.1058592,16477.387
16640.7660154,16501.865
16723.632030999997,16540.793
16772.9542968,16593.893
16846.3140624,16656.225
16957.8039062,16719.16
16977.607812399998,16784.832
16997.815625,16834.43
17008.061718599998,16869.91
17049.3699218,16893.848
17080.4062498,16931.936
17137.8921874,16982.451
17202.9722656,17037.656
17300.2441406,17093.795
17378.042187400002,17151.809
17456.989843800002,17198.531
17523.1980468,17262.412
17558.5640624,17323.738
17565.4121094,17374.467
17552.030078199998,17406.162
17553.878125,17427.623
17580.6960938,17452.553
17617.196093799997,17489.465
17672.6,17523.27
17712.921875,17566.266
17706.9640624,17601.385
17706.8421874,17602.256
17678.2164062,17593.264
17635.0585938,17561.447
17598.940625,17535.91
17622.5265626,17512.674
17660.972265800003,17526.848
17737.8660158,17581.771
17801.9660158,17660.885
17891.5160158,17734.621
17957.985937600002,17808.828
17995.583984400004,17877.305
18006.801953000002,17943.846
18028.0597654,17976.547
18022.675781,17982.928
18010.019921599996,17976.594
17999.0761716,17968.08
17968.7242186,17968.932
17922.702343599998,17928.943
17905.486328000003,17863.164
17857.6042968,17814.059
17779.5460938,17762.342
17745.5363282,17706.14
17738.934375,17658.652
17701.884375,17637.742
17737.3722656,17634.059
17749.3441406,17675.846
17761.301953,17701.203
17720.2398436,17714.365
17721.2,17693.941
17641.526172,17676.902
17604.626172,17647.42
17547.6062502,17615.355
17540.7300784,17577.23
17497.1738284,17544.67
17532.387890799997,17521.271
17597.366015800002,17541.225
17675.94375,17609.012
17750.4,17692.262
17809.2539062,17775.996
17825.9777344,17815.277
17823.3878906,17830.828
17819.142187600002,17836.256
17828.564062600002,17835.111
17858.7800782,17844.639
17901.85625,17867.75
17931.182031199998,17903.129
17942.8378906,17936.088
17905.2679688,17935.99
17852.5761718,17893.77
17779.6,17823.93
17729.182031199998,17750.375
17691.1460936,17696.436
17705.623828,17642.432
17736.6058594,17634.922
17764.7378906,17659.393
17820.3320312,17688.975
17765.45,17751.629
17632.5242186,17730.975
17548.5222654,17645.0
17531.2921874,17564.127
17515.0761718,17536.488
17624.8,17570.977
